{"accuracy": [0.8070175647735596, 0.8245614171028137, 0.8552631735801697, 0.8640350699424744, 0.859649121761322, 0.859649121761322, 0.8289473652839661, 0.8377193212509155, 0.8114035129547119, 0.8815789222717285], "auc": [0.87310791015625, 0.9026972055435181, 0.9132044911384583, 0.9332931041717529, 0.9293881058692932, 0.9326892495155334, 0.9212560653686523, 0.9233092069625854, 0.9064009785652161, 0.9452898502349854], "loss": [0.44697844982147217, 0.39264628291130066, 0.37584108114242554, 0.34537720680236816, 0.35105982422828674, 0.3451116681098938, 0.3498983681201935, 0.34920260310173035, 0.3865310251712799, 0.31065428256988525], "val_accuracy": [0.8799999952316284, 0.8799999952316284, 0.8399999737739563, 0.8799999952316284, 0.8399999737739563, 0.9200000166893005, 0.9200000166893005, 0.8399999737739563, 0.8399999737739563, 0.9200000166893005], "val_auc": [0.9338235259056091, 0.9338235259056091, 0.9411764740943909, 0.9411764740943909, 0.9411764740943909, 0.9411764740943909, 0.9411764740943909, 0.9448529481887817, 0.9448529481887817, 0.9485294222831726], "val_loss": [0.3447231650352478, 0.3469752073287964, 0.34376609325408936, 0.33172935247421265, 0.33766940236091614, 0.3172513246536255, 0.3138990104198456, 0.32297492027282715, 0.3511538803577423, 0.30687785148620605]}