{"accuracy": [0.8114035129547119, 0.8289473652839661, 0.780701756477356, 0.8026315569877625, 0.8245614171028137, 0.8464912176132202, 0.8157894611358643, 0.8508771657943726, 0.8464912176132202, 0.8552631735801697], "auc": [0.8787842988967896, 0.8896940350532532, 0.8754830956459045, 0.8854267001152039, 0.9070048332214355, 0.9132447242736816, 0.8949275016784668, 0.9135668277740479, 0.9210547804832458, 0.9209339618682861], "loss": [0.4407140910625458, 0.4153425991535187, 0.4284396469593048, 0.4145178496837616, 0.3799267113208771, 0.36835870146751404, 0.4011969566345215, 0.36545273661613464, 0.3632071316242218, 0.34934449195861816], "val_accuracy": [0.9599999785423279, 0.9200000166893005, 0.9200000166893005, 0.9200000166893005, 0.9200000166893005, 0.9200000166893005, 0.9200000166893005, 0.9200000166893005, 0.8799999952316284, 0.9599999785423279], "val_auc": [0.9485294222831726, 0.9485294222831726, 0.9485294222831726, 0.9558823704719543, 0.9558823704719543, 0.9558823704719543, 0.9558823704719543, 0.9558823704719543, 0.9558823704719543, 0.9558823704719543], "val_loss": [0.32106027007102966, 0.3221334218978882, 0.31368982791900635, 0.3064904510974884, 0.3027195930480957, 0.2941637933254242, 0.2988605201244354, 0.2922295331954956, 0.30385470390319824, 0.27172422409057617]}